osm_id,amenity_type,name,lat,lon,is_station
282370094,convenience,7-Eleven,41.9763227,-87.8373006,False
306742663,pharmacy,CVS Pharmacy,41.8817505,-87.6275016,False
357043874,pharmacy,Walgreens,41.8830959,-87.6247316,False
357044405,pharmacy,Walgreens,41.8898126,-87.6247078,False
362075598,supermarket,Jewel-Osco,42.0208142,-87.7079886,False
368066600,fire_station,La Grange Park Fire Station Number 1,41.823004,-87.8729426,False
368068695,police,La Grange Park Police Department,41.8229919,-87.8734779,False
368074292,police,Rosemont Police Department,41.995308,-87.8645085,False
392722752,supermarket,Carniceria Guanajuato,41.9387842,-87.6980674,False
463772284,convenience,7-Eleven,41.9248909,-87.6623499,False
757950925,convenience,7-Eleven,41.9772518,-87.7697838,False
903239399,supermarket,Whole Foods Market,41.9483162,-87.6498096,False
903243739,convenience,3550 Convenience Store,41.9483322,-87.6435225,False
903248024,convenience,The New York Market,41.9496248,-87.6463764,False
903251428,pharmacy,Osco Drug,41.9468184,-87.6464054,False
903255917,community_centre,Center on Halsted,41.9488597,-87.6499439,False
949090740,convenience,7-Eleven,41.9492901,-87.6487138,False
1013918486,convenience,Ciao Gourmet Market,41.9782997,-87.9102577,False
1247191315,convenience,Tidak bernama,42.0138299,-87.6803014,False
1318980635,convenience,Best Buy Food & Liquor,41.9616298,-87.6757086,False
1582290547,supermarket,Mariano's Fresh Market,41.8854048,-87.6189659,False
1585375390,supermarket,Municipal Market,41.9027801,-87.691589,False
1618326383,convenience,South Loop Market,41.8767318,-87.6347531,False
1619646628,convenience,7-Eleven,41.8765215,-87.6485639,False
1639964356,convenience,7-Eleven,41.8794787,-87.6361117,False
1640172675,supermarket,Jewel-Osco,41.9539684,-87.787687,False
1640172897,pharmacy,Osco Drug,41.9539704,-87.7874683,False
1648106605,pharmacy,CVS Pharmacy,41.885957,-87.6203315,False
1662043755,pharmacy,Walgreens,41.9329964,-87.6480961,False
1679535999,supermarket,Whole Foods Market,41.8682107,-87.6387819,False
1695055030,pharmacy,CVS Pharmacy,41.9689037,-87.6794567,False
1699190041,convenience,7-Eleven,41.8352026,-87.626095,False
1700855328,convenience,Red Star Liquor,41.9307373,-87.7099241,False
1786793082,convenience,Puerto Rico Food and Liquors,41.8992231,-87.6917185,False
1924150951,supermarket,Jewel-Osco,41.9612944,-87.6534799,False
1975236575,supermarket,Morse Fresh Market,42.0080973,-87.6670593,False
2001852056,supermarket,Cermak Fresh Market,41.831001,-87.6761045,False
2029404798,convenience,Tidak bernama,41.9944208,-87.6585348,False
2118197031,police,Brookfield Police Department,41.8234357,-87.841031,False
2168540462,supermarket,Jewel-Osco,41.8921706,-87.6285729,False
2240521935,convenience,Familia Foods,41.9207455,-87.7220043,False
2240521940,convenience,Lyndale Foods,41.9219439,-87.7216704,False
2274247594,supermarket,Aldi,41.8033885,-87.7057244,False
2274321342,convenience,Blanz Pantry,41.9657014,-87.7087511,False
2294090721,convenience,Howard Mini Mart,42.0195341,-87.6741163,False
2294091648,convenience,J&S Food Mart,42.0196109,-87.6806018,False
2294719602,supermarket,Bockwinkel's,41.8866379,-87.6221064,False
2295092728,pharmacy,Walgreens,41.937878,-87.6499025,False
2296077689,supermarket,Trader Joe's,41.8934915,-87.6262699,False
2300376336,supermarket,Jewel-Osco,41.7472633,-87.7424027,False
2300390824,supermarket,Shop 'n Save,41.7302382,-87.7976214,False
2300405173,supermarket,Jewel-Osco,41.7175345,-87.8203212,False
2322413116,convenience,CIBO Express,41.9758461,-87.9027105,False
2322413127,convenience,Hudson Nonstop,41.9763803,-87.9010189,False
2323580270,convenience,Middle East Bakery & Grocery,41.9762948,-87.668909,False
2324555409,convenience,Olivia's Market,41.9123956,-87.6781186,False
2324559044,convenience,Bucktown Market,41.9124994,-87.6724672,False
2324563345,supermarket,Jewel-Osco,41.9065353,-87.6694606,False
2343011988,supermarket,Jewel-Osco,41.8327674,-87.614658,False
2349058783,supermarket,Jewel-Osco,41.795988,-87.7250281,False
2352761134,supermarket,Pete's Market,41.807559,-87.7053678,False
2356511948,supermarket,Trader Joe's,41.8678438,-87.6256386,False
2359667302,supermarket,Apple Bite Liquor,41.9353779,-87.6440766,False
2359676526,supermarket,Fat Lee Supermarket,41.8439368,-87.6327227,False
2360651573,convenience,Farmers Market,41.9755273,-87.9034226,False
2361072392,supermarket,Food 4 Less,41.7375511,-87.6282472,False
2379319493,convenience,7-Eleven,41.8717113,-87.6273414,False
2401014862,convenience,7-Eleven,41.8858839,-87.6258283,False
2415686739,convenience,BP Shop,41.9974998,-87.80715,False
2461381133,convenience,7-Eleven,41.92497,-87.700436,False
2478422408,convenience,7-Eleven,41.8856,-87.6356995,False
2485876939,supermarket,Trader Joe's,41.9146551,-87.6551388,False
2504509098,supermarket,Spencer's Jolly Posh Foods,41.954235,-87.664503,False
2508665190,convenience,Tidak bernama,41.9304926,-87.9038117,False
2520636193,supermarket,Aldi,41.93985,-87.711497,False
2535218216,convenience,Sonny's Food Store,42.009333,-87.6619017,False
2652556177,pharmacy,CVS Pharmacy,41.8900854,-87.637203,False
2706192060,convenience,Tropicuba,41.9224705,-87.7024093,False
2708231834,pharmacy,Walgreens,41.8964947,-87.6239568,False
2742653944,supermarket,Aldi,41.9949958,-87.6601775,False
2778766654,convenience,7-Eleven,41.8794045,-87.6263526,False
2819072960,convenience,7-Eleven,41.8866987,-87.626541,False
2837157413,supermarket,Jewel-Osco,41.9656283,-87.8379362,False
2837157414,supermarket,Montrose Food Mart & Deli,41.9524416,-87.7913948,False
2838195042,supermarket,Mariano's Fresh Market,41.9690349,-87.6748936,False
2853917427,supermarket,Aldi,41.9550142,-87.8600157,False
2953447613,convenience,7-Eleven,41.8838889,-87.6326545,False
2969144317,supermarket,Jewel-Osco,41.975115,-87.810902,False
3015676163,convenience,7-Eleven,41.9541835,-87.6986536,False
3136129729,convenience,Chi Life Market,41.9808515,-87.9097587,False
3217040270,convenience,7-Eleven,41.8899284,-87.6281531,False
3258309929,convenience,7-Eleven,41.9395657,-87.7178772,False
3325567180,supermarket,Pete's Market,41.8802836,-87.685483,False
3358852397,police,Forest Park Police Department,41.8770915,-87.8149187,False
3388711384,supermarket,Whole Foods Market,41.8964677,-87.6285605,False
3400023430,convenience,7-Eleven,41.8924038,-87.6225322,False
3403155695,supermarket,Whole Foods Market,41.8916289,-87.6205013,False
3463649052,convenience,7-Eleven,41.9615462,-87.7011316,False
3549337313,police,Oak Park Police Department,41.8793127,-87.7788958,False
3557252099,convenience,7-Eleven,41.891534,-87.6477923,False
3570242393,convenience,7-Eleven,41.9181187,-87.6974271,False
3575181783,convenience,7-Eleven,41.8932528,-87.6178958,False
3621635474,supermarket,Tony's Fresh Market,41.9388456,-87.7679656,False
3637621466,pharmacy,Walgreens,41.8912174,-87.6184879,False
3637654283,pharmacy,Walgreens,41.8946988,-87.6165566,False
3637654284,pharmacy,Walgreens,41.8944007,-87.621241,False
3641122090,convenience,J.J. Pepper's,41.9317684,-87.7076218,False
3649134450,convenience,7-Eleven,41.946231,-87.7269633,False
3649622501,convenience,City Food Mart,41.9171157,-87.7211948,False
3652929702,convenience,Green Arch Food Mart,41.9038788,-87.6670459,False
3656015219,convenience,Wicker Park Bodega,41.9102899,-87.6821951,False
3659117493,convenience,Supermercado Picino,41.9320265,-87.7173374,False
3659138542,convenience,Martha's Food Market,41.9314969,-87.7390671,False
3660351048,convenience,California Foodmart,41.9220424,-87.6971796,False
3666644719,supermarket,Tony's Fresh Market,41.9134664,-87.8826698,False
3758385128,supermarket,Par-Birdie Foods,41.997899,-87.686469,False
3785765784,police,Harwood Heights Police Department,41.9645851,-87.8096906,False
3785790488,police,Park Ridge Police Department,42.0080345,-87.8304415,False
3825932402,pharmacy,Walgreens,41.8443477,-87.7018993,False
3882653629,supermarket,Aldi,41.8968224,-87.7082676,False
3908537093,supermarket,Bockwinkel's,41.8927815,-87.6189694,False
3989351824,supermarket,Fairplay Foods,41.8106536,-87.6472053,False
4075429623,supermarket,La Casa del Pueblo,41.8573093,-87.6618896,False
4076939424,supermarket,Fairplay Foods,41.8514827,-87.6867854,False
4085259565,supermarket,Mariano's Fresh Market,41.90801,-87.6460408,False
4124179107,convenience,Supermercade Barrera,41.9235733,-87.698696,False
4124179110,convenience,El Condor,41.9239814,-87.6988378,False
4131897436,supermarket,Olivaceto,41.8130174,-87.8693601,False
4170809723,convenience,7-Eleven,41.969341,-87.7610394,False
4172392099,convenience,ANG Convenience Store,41.9707527,-87.7631387,False
4186976489,pharmacy,Walgreens,41.9182839,-87.6499482,False
4191676724,supermarket,Big Apple Finer Foods,41.9249564,-87.6398943,False
4203574592,supermarket,Living Fresh Market,41.8636992,-87.8119247,False
4203603992,supermarket,Aldi,41.8537951,-87.8049991,False
4207766239,fire_station,Schiller Park Fire Department,41.9549204,-87.8647819,False
4207768854,convenience,7-Eleven,41.9495194,-87.870595,False
4207792402,supermarket,Torres Supermercado,41.8920791,-87.8568619,False
4220795298,convenience,7-Eleven,41.8830513,-87.6340732,False
4307742661,pharmacy,Walgreens,41.9178424,-87.7058949,False
4319249620,police,Schiller Park Police Department,41.9552118,-87.864876,False
4319301790,police,River Grove Police Department,41.9274671,-87.8353775,False
4365763708,convenience,7-Eleven,41.7953169,-87.7625984,False
4366103740,convenience,Country Fresh Food Mart,41.9299372,-87.6430823,False
4374980671,convenience,7-Eleven,41.9380974,-87.7759716,False
4381316598,pharmacy,Walgreens,41.9278748,-87.642066,False
4382447216,convenience,Hudson,41.7878995,-87.744283,False
4382447220,convenience,Hudson,41.7864176,-87.7419387,False
4409415232,pharmacy,CVS Pharmacy,41.875424,-87.6278611,False
4459685194,convenience,7-Eleven,41.9984087,-87.6598177,False
4459685203,convenience,7-Eleven,42.0056832,-87.6606732,False
4465789948,convenience,Cactus Food & Liquors,41.9541823,-87.7127481,False
4497833053,supermarket,Whole Foods Market,41.8874497,-87.8060857,False
4499383706,convenience,Dollar Market Plus,41.9097333,-87.7102591,False
4517784417,convenience,Gaelic Imports,41.9685446,-87.7874703,False
4535332415,supermarket,Mariano's Fresh Market,41.9372562,-87.6445626,False
4565736806,community_centre,A Listening Space,41.7942958,-87.6188422,False
4584294794,convenience,Belmont Harbor Market,41.9399464,-87.6397849,False
4627034989,supermarket,Sugar Beet Co-op,41.8799549,-87.7952739,False
4637106091,convenience,BP Shop,41.9534812,-87.8850142,False
4643582989,supermarket,Food 4 Less,41.8376361,-87.7411931,False
4654771319,pharmacy,Walgreens,41.8782789,-87.9018348,False
4680345689,convenience,Mini-Mart,41.8792449,-87.8140854,False
4697806600,supermarket,Cermak Fresh Market,41.9320449,-87.7279336,False
4730413033,supermarket,Jewel-Osco,41.8659038,-87.668459,False
4812839162,convenience,7-Eleven,41.785624,-87.7232213,False
4858475599,convenience,Tabb's Food & Liquor,41.8958327,-87.6919376,False
4906844525,convenience,True Discount Food Mart,41.8719095,-87.8042585,False
4911512184,convenience,Food Town,41.9619535,-87.65218,False
4929729045,supermarket,Aldi,41.965482,-87.8055928,False
5025494737,supermarket,Aldi,41.9134475,-87.6818848,False
5033698159,convenience,7-Eleven,41.8858885,-87.6297309,False
5056550416,supermarket,Local Foods,41.9140129,-87.6631317,False
5068386629,supermarket,Jewel-Osco,41.904156,-87.6317909,False
5082052824,convenience,7-Eleven,41.9458756,-87.746434,False
5172182732,community_centre,JPUSA,41.9656941,-87.6532009,False
5243129567,police,University of Chicago Police Department,41.7842623,-87.6047199,False
5243143549,convenience,Midway Market,41.7847582,-87.6009058,False
5263930522,convenience,Martinez Grocery,41.8346822,-87.65089,False
5276572197,hospital,Advocate Children's Hospital - Oak Lawn,41.7235705,-87.732089,False
5290224147,police,Hillside Police Department,41.877721,-87.9072954,False
5350040247,police,Bedford Park Police Department,41.7700824,-87.8180547,False
5356226638,convenience,Clarendon Food Mart,41.9580544,-87.6496439,False
5384451845,convenience,Astoria Marketplace,41.8706456,-87.6272511,False
5384451846,convenience,Burnham Mart,41.8710397,-87.6261442,False
5404725160,supermarket,Food 4 Less,41.908369,-87.7474111,False
5418466191,convenience,7-Eleven,41.8743649,-87.629384,False
5466051562,supermarket,M & H Market,41.7585004,-87.6169427,False
5631644882,supermarket,Cermak Fresh Market,41.7977151,-87.7248617,False
5694810922,convenience,Sarah Mart,41.9470039,-87.6784012,False
5699638585,convenience,Circle K,41.9399008,-87.6445943,False
5798412053,convenience,7-Eleven,41.890672,-87.6278621,False
5839209831,convenience,La Unica Food Mart,41.9979862,-87.668527,False
5900062524,pharmacy,Walgreens,41.9679263,-87.6499098,False
6089114509,police,Bridgeview Police Department,41.7550033,-87.8051771,False
6124417262,supermarket,Adrian's Foods Market,41.9322314,-87.719851,False
6154659399,convenience,Food Town,41.7511802,-87.601376,False
6154664272,supermarket,Shop-N-Save,41.7654258,-87.620352,False
6154678397,convenience,Grand Palace,41.7645797,-87.6246703,False
6154685399,convenience,New Food Mart,41.7803559,-87.615213,False
6154685401,convenience,Woodlawn Neighborhood Market,41.7840385,-87.6133645,False
6154685402,convenience,Tony's Dollar Store,41.7769272,-87.606082,False
6173309675,supermarket,The Dill Pickle Food Co-op,41.9310621,-87.7109522,False
6175027779,pharmacy,Oak Street Pharmacy,41.7803152,-87.6469257,False
6177109649,convenience,Rainbow Mart,41.9749865,-87.6553084,False
6182980427,supermarket,Fresh Farms International Market,41.9978926,-87.6956988,False
6188944553,convenience,Three Stars Food Market,41.8859169,-87.7064446,False
6281921541,supermarket,Carnicerias Jimenez,41.9101056,-87.7315939,False
6282450641,convenience,Ha-Grocery Food Mart,41.8952918,-87.7142823,False
6321771532,convenience,Hudson,41.9761949,-87.9051463,False
6321771537,convenience,CIBO Express Gourmet Market,41.9768655,-87.9058195,False
6326510833,convenience,Hudson,41.9782029,-87.9070731,False
6328357235,convenience,Red Apple Food & Liquor,41.8019441,-87.618655,False
6329661471,supermarket,Tai Nam Market,41.9723749,-87.6589052,False
6331266185,pharmacy,CVS Pharmacy,41.9040756,-87.628486,False
6375025298,convenience,Fresh Market on the Go,41.9799253,-87.9098934,False
6419715451,convenience,Tidak bernama,41.9752191,-87.9064071,False
6459431606,pharmacy,Jewel-Osco,41.9355796,-87.6700856,False
6587070504,pharmacy,Lawndale Christian Health Center Pharmacy,41.852107,-87.722661,False
6630302939,police,Lyons Police Department,41.8138226,-87.8265716,False
6633927108,pharmacy,Walgreens,41.9756931,-87.6929557,False
6637767913,convenience,7-Eleven,41.8855817,-87.6423079,False
6638973101,convenience,Totto's Market,41.8724188,-87.6289739,False
6654380717,pharmacy,Peace Pharmacy,41.8503205,-87.6320875,False
6708132366,pharmacy,Walgreens,41.7501371,-87.6544369,False
6726359266,convenience,Best Choice Oriental Grocery,41.8489878,-87.6317838,False
6726359271,supermarket,Silver State City Food Company,41.8484513,-87.6320554,False
6816078302,pharmacy,Walgreens,41.7987841,-87.7438504,False
6821742232,supermarket,Tony's Fresh Market,41.8487446,-87.8008161,False
6897183174,pharmacy,Walgreens,41.9315257,-87.6979686,False
6917323063,pharmacy,Walgreens,41.8497543,-87.8009935,False
6920818832,pharmacy,CVS Pharmacy,41.868375,-87.6313044,False
6936059398,convenience,Tony's Stop & Save,41.8153268,-87.6061888,False
6960834419,pharmacy,Walgreens,41.9999309,-87.6714616,False
6997034344,convenience,BP Shop,41.9604852,-87.7864242,False
7143811009,police,River Forest Police Department,41.8876404,-87.8201531,False
7143811010,fire_station,River Forest Fire Department,41.8873349,-87.8199037,False
7147298083,supermarket,Park to Shop Supermarket,41.9711396,-87.6590545,False
7152419164,convenience,J&A Convenience Store,41.973384,-87.6581145,False
7152419176,pharmacy,Mini Thương Xá,41.9731589,-87.6575813,False
7152419183,community_centre,Bosnian Herzogovinian American Community Center,41.9734314,-87.6557256,False
7152419394,convenience,Argyle Store,41.9731403,-87.6590059,False
7159796859,convenience,BP Shop,41.865174,-87.7687196,False
7159796868,supermarket,Cermak Fresh Market,41.8505619,-87.7403494,False
7161251882,supermarket,Gordon Food Service Store,41.7453604,-87.7423612,False
7161491677,supermarket,Aldi,41.7197714,-87.6866317,False
7178428621,supermarket,Whole Foods Market,41.9906264,-87.7487083,False
7210820784,police,Metra Police Department,41.875456,-87.6323871,False
7217139285,convenience,Campus Market,41.8690686,-87.6650716,False
7232095032,convenience,Jacks Mini Mart,41.9976339,-87.6762695,False
7246694474,police,Hometown Police Department,41.7283835,-87.7301335,False
7262555848,police,Forest View Police Department,41.8088619,-87.7975612,False
7262555849,fire_station,Forest View Fire Department,41.8088479,-87.7979528,False
7366996236,convenience,7-Eleven,41.9093667,-87.7950288,False
7374367898,convenience,7-Eleven,41.9612865,-87.6660377,False
7388012078,convenience,Mart of 60645,41.9781227,-87.6897513,False
7393995565,convenience,Shell,41.9326776,-87.6678731,False
7393995567,convenience,7-Eleven,41.9327891,-87.6536751,False
7432982050,convenience,7-Eleven,41.9920757,-87.8633588,False
7442563831,community_centre,Gads Hill Center,41.8159209,-87.7008726,False
7444082737,supermarket,Trader Joe's,42.0128024,-87.8324359,False
7472866290,convenience,7-Eleven,41.9327013,-87.6411834,False
7491820585,convenience,Shell,41.931124,-87.7657119,False
7491820586,convenience,BP Shop,41.9315644,-87.7666829,False
7505548617,convenience,BP Shop,41.9088571,-87.7791559,False
7505577050,supermarket,Save-A-Lot,41.9090986,-87.7651585,False
7505577053,convenience,BP Shop,41.9091884,-87.755275,False
7505577063,convenience,Tidak bernama,41.9094423,-87.7455806,False
7505577084,convenience,Citgo,41.8989699,-87.745528,False
7550953113,convenience,BP Shop,41.876379,-87.7554225,False
7562392243,convenience,BP Shop,41.8811369,-87.8052182,False
7567728962,convenience,Amoco,41.8664106,-87.7353766,False
7567728971,convenience,Mobil Mart,41.852082,-87.7056701,False
7599541280,convenience,Sunrise Dollar Mart,42.0121925,-87.748285,False
7606452958,pharmacy,Walgreens,41.9396341,-87.6625783,False
7608552946,convenience,BP Shop,41.7221599,-87.6137451,False
7616496438,convenience,Mobil Mart,41.9319403,-87.6883474,False
7698484714,convenience,BP Shop,41.8105388,-87.7437782,False
7698484716,convenience,Gas N Wash,41.8033666,-87.7622577,False
7698726659,convenience,BP Shop,41.7918329,-87.7912389,False
7774807982,convenience,Citgo,41.9374171,-87.8341865,False
7778295828,supermarket,Tony's Fresh Market,41.7518701,-87.7453927,False
7786449735,convenience,BP Shop,41.771113,-87.7230467,False
7805421886,convenience,Citgo,41.8087735,-87.6742621,False
7834052759,convenience,Citgo,41.7493002,-87.714092,False
7834591656,convenience,Circle K,41.7350462,-87.6884567,False
7834591657,convenience,Citgo,41.7431086,-87.6831226,False
7834973318,convenience,Wells Pantry,41.8741537,-87.6334643,False
7874287862,convenience,7-Eleven,41.89652,-87.6264481,False
7874385731,convenience,7-Eleven,41.8887331,-87.632297,False
7874385742,pharmacy,CVS Pharmacy,41.8781513,-87.6246204,False
7877172172,convenience,Light Mini Mart,42.0189148,-87.6664647,False
7877201715,convenience,BP Shop,41.9246987,-87.7387033,False
7880485301,pharmacy,Walgreens,41.718955,-87.7706236,False
7892457147,convenience,Amoco,41.9609503,-87.7479764,False
7892457148,convenience,Shell,41.9611475,-87.7469748,False
7917460591,convenience,Al Noor Meat & Grocery,41.9977976,-87.6929917,False
7920292469,convenience,7-Eleven,41.9678849,-87.7388113,False
7920292472,convenience,BP Shop,41.9609339,-87.7086593,False
7943057094,convenience,Shell,41.910664,-87.6876061,False
8011693510,convenience,BP Shop,41.946421,-87.7081473,False
8011693511,convenience,BP Shop,41.9393391,-87.7267814,False
8026093300,convenience,Shell,41.7948449,-87.6321922,False
8109993907,convenience,La Moreliana,41.846322,-87.71582,False
8118655888,convenience,7-Eleven,41.8783751,-87.6263452,False
8119969786,convenience,Mobil Mart,42.0042436,-87.7291647,False
8127340772,convenience,Citgo,41.7864717,-87.6638631,False
8152698386,supermarket,Park To Shop Supermarket,41.8485487,-87.6412111,False
8166594636,convenience,BP Shop,41.7652009,-87.663378,False
8166594637,convenience,Clark's Pump-N-Shop,41.771793,-87.6643757,False
8166594638,convenience,Citgo,41.778875,-87.6742341,False
8166710218,convenience,Circle K,41.792848,-87.7236964,False
8175562211,convenience,La Bodeguita Beto’s Produce,41.8161404,-87.7012061,False
8178703779,convenience,Shell,41.9388424,-87.7227932,False
8218327857,convenience,BP Shop,41.8239113,-87.6501195,False
8229067180,convenience,Citgo,41.8747365,-87.7251887,False
8250015418,supermarket,Aldi,41.9036208,-87.6347865,False
8299870046,supermarket,Produce World,41.9655483,-87.8355639,False
8380262413,convenience,BP Shop,41.7657374,-87.6245134,False
8380289429,convenience,Shell,41.7514386,-87.6240546,False
8380289472,convenience,Mobil Mart,41.7659458,-87.6205894,False
8383161814,convenience,Tidak bernama,41.7468008,-87.8380953,False
8442098353,convenience,BP Shop,41.8732852,-87.7193104,False
8520355483,community_centre,Ukrainian Cultural Center,41.8956242,-87.6836902,False
8522222391,community_centre,Latinos Progresando Resource Center,41.8519681,-87.701564,False
8540508744,convenience,SNK Fuels,41.7405075,-87.7988787,False
8577306403,convenience,Blue Bell Mart,41.8946935,-87.652766,False
8863580564,convenience,7-Eleven,41.86399,-87.6470145,False
8906335792,convenience,Rosie's Food Mart,41.9283963,-87.7192524,False
8972370702,convenience,BP Shop,41.9463211,-87.7572876,False
8985328668,convenience,Tidak bernama,41.8768814,-87.8336963,False
8988167259,convenience,Marathon,41.9962703,-87.6707113,False
8991538892,convenience,Malik Food Mart,41.9980188,-87.6803536,False
8991632767,convenience,Satina World Market,41.9979783,-87.6824051,False
8991647382,supermarket,Rahmat Grocery and Zabiha Halal Meat,41.997948,-87.684829,False
9025577830,supermarket,FreshMart,41.8488253,-87.6418163,False
9237344905,convenience,Shell,41.9808128,-87.8075669,False
9287336772,convenience,7-Eleven,41.8866557,-87.7924473,False
9311668703,convenience,7-Eleven,41.9654133,-87.8671817,False
9311812087,convenience,BP Shop,41.9612923,-87.8067838,False
9331149468,pharmacy,Walmart Pharmacy,41.7222639,-87.6863871,False
9338120651,convenience,Tidak bernama,41.8712792,-87.6863909,False
9342498393,convenience,Mobil Mart,41.790133,-87.8681776,False
9345003346,convenience,Meijer Express,41.7248538,-87.6830341,False
9351225804,convenience,7-Eleven,41.8938793,-87.6279232,False
9354608507,supermarket,L&M Fine Foods,41.9612596,-87.6835277,False
9354635422,pharmacy,CVS Pharmacy,41.9556334,-87.6791385,False
9365466211,fire_station,Elmwood Park Fire Department Station #2,41.9236361,-87.8122565,False
9424562874,supermarket,Old World Market,41.9755885,-87.6596081,False
9434660174,pharmacy,CVS Pharmacy,41.8665025,-87.6569657,False
9442819202,supermarket,Potash Market,41.9103929,-87.6314813,False
9445865004,convenience,Shell,41.8774488,-87.6522714,False
9485933702,convenience,La Nueva Esperanza,41.7794749,-87.8128275,False
9489630381,supermarket,Fairplay Foods,41.7173112,-87.8343446,False
9517344549,supermarket,Farmers Best Market,41.9251968,-87.786195,False
9579333601,supermarket,Go Green Community Fresh Market,41.779444,-87.6548974,False
9603257760,police,Western Springs Police Department,41.8102471,-87.8982753,False
9658051821,police,Oak Lawn Police Department,41.7206156,-87.7532147,False
9658051822,fire_station,Oak Lawn Fire Department Station #3,41.7206016,-87.7538262,False
9672965267,supermarket,Potash Markets - State Street,41.8987068,-87.6280658,False
9721820651,supermarket,Lindo Michoacán,41.9686224,-87.7081955,False
9721820668,supermarket,Sahar International Market,41.9700294,-87.7082773,False
9731074032,convenience,7-Eleven,41.8341415,-87.86681,False
9731074105,supermarket,Fruitful Yield,41.8230262,-87.870171,False
9731074114,supermarket,The Dinner Club,41.8219917,-87.8697212,False
9735798709,convenience,Brookfield Tobacco & Food,41.821361,-87.8443839,False
9755201105,supermarket,Dollar City,41.9535754,-87.7004392,False
9773119861,convenience,Go Grocer,41.8790442,-87.6493885,False
9823878786,pharmacy,CVS Pharmacy,41.8923502,-87.6270495,False
9857043926,supermarket,Go Grocer,41.9327236,-87.6422709,False
9934753448,convenience,Farmer's Pride Produce,41.8955103,-87.6870456,False
9962776683,convenience,Amish & Healthy Foods,41.9001436,-87.6867149,False
9969716316,convenience,7-Eleven,41.9470854,-87.6554708,False
10035040817,supermarket,Carnival Grocery,41.9202499,-87.641115,False
10038403365,convenience,Stop and Shop,41.9107635,-87.6383819,False
10061549414,convenience,El-Jeeb,41.9685148,-87.7279003,False
10080653197,pharmacy,Mariam Pharmacy,41.9686754,-87.7165074,False
10080653198,supermarket,Chicago Produce,41.9685782,-87.7163043,False
10100695467,convenience,7-Eleven,41.9077494,-87.8964676,False
10204083052,supermarket,Rio Valley Market,41.9288956,-87.8837001,False
10212405511,convenience,Citgo,41.9984964,-87.668258,False
10233568510,police,Cook County Sheriff's Police Substation,41.8950734,-87.7574475,False
10245073098,supermarket,Trader Joe's,41.8901725,-87.8046854,False
10253515249,convenience,Eden's Food and Liquors,41.9752024,-87.7485438,False
10254871949,community_centre,Sankofa Center at AAABNA,41.8949257,-87.7712385,False
10261545940,convenience,Circle K,41.8820901,-87.6336517,False
10261545941,convenience,Circle K,41.8859286,-87.6327993,False
10261545942,convenience,Circle K,41.8926358,-87.6294276,False
10272052682,convenience,Creative Mini Market,41.9137341,-87.6461225,False
10279305130,pharmacy,Walmart Pharmacy,41.9112806,-87.7433317,False
10571699170,convenience,BP Shop,41.9998679,-87.8837224,False
10646993941,convenience,Green Apple Mini Mart,41.9086406,-87.6383626,False
10684390293,convenience,Oak Pantry & Deli,41.7648526,-87.8973163,False
10686543463,supermarket,Wild Fork,41.9102642,-87.6532939,False
10738351268,convenience,7-Eleven,41.9759315,-87.8673296,False
10739322184,convenience,Lincoln C Mart,41.9230263,-87.6456251,False
10744642391,convenience,Pulaski & Lake Food Mart,41.8856541,-87.7259748,False
10752079944,convenience,Drake Quick Stop,41.9531874,-87.7769423,False
10752100865,supermarket,La Bodega - Food Market,41.9606849,-87.7747846,False
10788381145,convenience,Millenial Mart,41.898045,-87.6374345,False
10798764088,convenience,BP Shop,41.8220947,-87.6906865,False
10810668909,convenience,BP Shop,41.9750024,-87.7688943,False
10813150725,convenience,Around the Clock Food Store,42.019249,-87.6714937,False
10815801757,fire_station,Bridgeview Fire Department Station 1,41.7549989,-87.8054178,False
10824087448,convenience,Circle K,41.9468981,-87.6878231,False
10833615538,convenience,L'Africa L'afrique Market,41.8551482,-87.626791,False
10873822336,police,U.S. Postal Inspection Service,41.8737524,-87.6373635,False
10876313592,convenience,Food Mart,42.0077557,-87.6653352,False
10892863371,convenience,BP Shop,41.7788643,-87.7401502,False
10902767701,convenience,Veterans Canteen Service - Retail Store,41.869867,-87.6773115,False
10905884224,supermarket,Centro Fresh Market,41.9319403,-87.7471753,False
10925578811,convenience,7-Eleven,41.8818507,-87.6320733,False
10945665663,pharmacy,Walgreens,41.8795058,-87.6341437,False
10974152342,convenience,7-Eleven,41.8792694,-87.6335836,False
11017125693,supermarket,Go Grocer,41.9354222,-87.6396717,False
11023963531,convenience,Mi Lindo San Jose Grocery Store,41.8953459,-87.7146573,False
11064312683,restaurant,Eataly,41.892164,-87.6263766,False
11068226413,convenience,7-Eleven,41.8694525,-87.6650096,False
11082636843,convenience,River City Market,41.8711632,-87.6339459,False
11088290356,convenience,Gold Coast Market,41.8964791,-87.631059,False
11162182859,pharmacy,Walgreens,41.8849402,-87.6276035,False
11165378802,convenience,Circle K,41.8822575,-87.6264584,False
11165884250,convenience,Circle K,41.8981354,-87.6284971,False
11173297321,pharmacy,CVS Pharmacy,41.9629582,-87.6562141,False
11194776226,convenience,Shell,41.7649544,-87.6448011,False
11218702105,convenience,Hudson,41.9740584,-87.889972,False
11218702116,convenience,Evolve by Hudson,41.9743174,-87.8908886,False
11218702119,convenience,Protein Bar & Kitchen,41.974251,-87.8907735,False
11218702128,convenience,Goddess on the Go,41.9761807,-87.8917552,False
11218702132,convenience,Farm2Air Market,41.9768797,-87.8920926,False
11218702133,convenience,Fresh Attraction,41.9771074,-87.8923092,False
11234336985,convenience,Ricky’s Food Mart,41.9525742,-87.6513551,False
11234489176,community_centre,Rec Room,41.9576724,-87.6548223,False
11257222883,convenience,7-Eleven,41.9330453,-87.6678774,False
11258872240,community_centre,Third Space,41.9474714,-87.6479906,False
11263424199,convenience,Fresh Stop,41.9400764,-87.6527428,False
11280046161,convenience,Paradise Grocery,41.7474541,-87.6046633,False
11308359394,convenience,Flash Food Mart,41.8919717,-87.7124071,False
11335080464,fire_station,Bellwood Fire Department,41.8814272,-87.8728895,False
11335080465,police,Bellwood Police Department,41.8812275,-87.8721867,False
11335082185,convenience,Mobil Mart,41.9021323,-87.9027481,False
11382450821,supermarket,Montrose Supermarket & Taqueria,41.9612523,-87.714692,False
11413743789,pharmacy,AllCareX Discount Pharmacy,41.9104409,-87.6965926,False
11415570546,convenience,Exotic Snack Guys,41.927855,-87.6519277,False
11415572135,convenience,Exotic Snack Guys,41.9232377,-87.6976286,False
11421562656,pharmacy,CVS Pharmacy,41.9037335,-87.6311146,False
11425933410,supermarket,Valley of Jordan,41.7992762,-87.6008134,False
11461354890,police,Countryside Police Department,41.7747702,-87.8785758,False
11463899253,convenience,Six Points Market,41.9739728,-87.8832294,False
11463899258,convenience,Tidak bernama,41.974067,-87.8874725,False
11463899259,convenience,Hudson,41.9739369,-87.8888661,False
11480994725,supermarket,Supermarket Martins,41.9459054,-87.7566085,False
11481001125,convenience,Food Market Santa Fe,41.9459389,-87.7521618,False
11481859269,convenience,Kostner Korner,42.0193231,-87.7378625,False
11492089001,convenience,Hudson,41.9748343,-87.9060041,False
11514663513,convenience,Not Far From A Dollar,41.7605545,-87.6445591,False
11601284066,convenience,Breakers Pantry,41.9796563,-87.6548415,False
11638871046,convenience,Fine Food Mart,41.9670867,-87.6582145,False
11647066660,pharmacy,Walgreens,41.8497577,-87.8500096,False
11650015763,convenience,Circle K,41.8792593,-87.6350841,False
11672692559,convenience,West Loop Market,41.881731,-87.6583321,False
11673065193,convenience,BP Shop,41.8313717,-87.6176464,False
11698789551,pharmacy,Walgreens,41.9393175,-87.6704182,False
11716837382,pharmacy,Walgreens,41.9546817,-87.8064609,False
11716839274,pharmacy,Walgreens,41.9744415,-87.8063242,False
11716926482,pharmacy,Walgreens,41.9677707,-87.837218,False
11716926483,pharmacy,Walgreens,41.9848281,-87.82253,False
11716926486,pharmacy,Walgreens,41.9969648,-87.834165,False
11716926487,pharmacy,Walgreens,41.9561221,-87.8717758,False
11716926488,pharmacy,Walgreens,41.93525,-87.8355495,False
11716926489,pharmacy,Walgreens,41.9319218,-87.8070283,False
11716926490,pharmacy,CVS Pharmacy,41.9134427,-87.8055438,False
11716926491,pharmacy,Walgreens,41.9095857,-87.8062465,False
11716926492,pharmacy,CVS Pharmacy,41.9079346,-87.8234548,False
11881628171,convenience,West Loop Mart,41.8857123,-87.6525057,False
11881628175,pharmacy,CVS Pharmacy,41.8857188,-87.6536105,False
11887094978,convenience,Clark Haus,41.9741709,-87.6680388,False
11933390869,convenience,North Loop Market,41.8880533,-87.6291612,False
11959072671,convenience,Lucky Mini Mart,41.9561291,-87.6799638,False
11976406263,supermarket,Wild Onion Market,42.0093834,-87.6736968,False
11983707647,convenience,Wicker Park Market,41.9774199,-87.9104625,False
12001509253,police,Chicago Police Department,41.7889676,-87.7419422,False
12027004611,convenience,West Loop Market,41.8829188,-87.6510996,False
12042618072,convenience,7-Eleven,41.8789317,-87.6572595,False
12061664116,community_centre,Metro Achievement Center,41.8773601,-87.6497352,False
12062109890,convenience,Tidak bernama,41.7478992,-87.6054164,False
12062109898,pharmacy,Walgreens,41.8029805,-87.6072955,False
12068207880,convenience,7-Eleven,41.8778806,-87.6437959,False
12068333587,supermarket,Metro Spice Mart,41.8800163,-87.6423494,False
12068333589,convenience,Circle K,41.8794187,-87.6409028,False
12068506992,pharmacy,Costco Pharmacy,42.0147401,-87.7813644,False
12068933371,supermarket,Rich's Food & Liquor,41.9662123,-87.8065832,False
12081723142,pharmacy,Walgreens,41.77811,-87.7027082,False
12097699004,supermarket,La Providencia,41.8542515,-87.6683834,False
12108669566,convenience,Shell,42.012471,-87.6637701,False
12108669567,pharmacy,CVS Pharmacy,42.0203295,-87.6898937,False
12108669568,pharmacy,Walgreens,42.0178257,-87.6908649,False
12118231983,supermarket,Tiệm Tạp Hóa Việt Hoa,41.9731855,-87.6566495,False
12123073597,supermarket,Mi Mexico,41.7863354,-87.6889397,False
12132865591,supermarket,Gangnam Market,41.896063,-87.653251,False
12140915185,convenience,Circle K,41.9765134,-87.6552477,False
12144842063,convenience,Tidak bernama,41.8743222,-87.8165393,False
12146279578,convenience,Tidak bernama,41.8094254,-87.622583,False
12146332950,supermarket,Adom African Market,41.8094268,-87.6218977,False
12165995952,convenience,South Loop Market,41.8532621,-87.6236117,False
12166003232,convenience,McCormick Market,41.853069,-87.6241433,False
12169129401,community_centre,Chicago Industrial Arts and Design Center,41.9990005,-87.6747734,False
12171066721,supermarket,Al-Bayan Grocery,41.9375968,-87.7861032,False
12173101194,convenience,BP Shop,41.9807428,-87.8065152,False
12181054650,supermarket,Seafood City,41.9730252,-87.7458436,False
12187113279,pharmacy,Walgreens,41.965663,-87.6679662,False
12202176531,convenience,Green Arch Food and Smoke,41.9835025,-87.6598083,False
12202217628,convenience,Citgo,41.8692979,-87.6440143,False
12218872701,pharmacy,CVS Pharmacy,41.8360286,-87.6736321,False
12223629660,convenience,South Loop Market,41.9238631,-87.6975704,False
12228461502,convenience,Riverside Market,41.9048846,-87.6483215,False
12229012041,supermarket,Trader Joe's,41.9498654,-87.6751046,False
12253620569,supermarket,The Fresh Market,41.9325722,-87.649496,False
12285946411,pharmacy,CVS Pharmacy,41.7204467,-87.7026894,False
12286138539,pharmacy,Walgreens,41.7207987,-87.7399178,False
12286138916,pharmacy,Walgreens,41.7346935,-87.7031179,False
12288579153,pharmacy,CVS Pharmacy,41.9414669,-87.7267507,False
12305194760,convenience,SNKFuels,41.7727907,-87.6441635,False
12311998973,pharmacy,Walgreens,41.9289759,-87.8640207,False
12312844501,convenience,Houston Liquor and Food Inc,41.9540265,-87.6755172,False
12313768495,pharmacy,Walgreens,41.7188089,-87.8380604,False
12321821509,pharmacy,Walgreens,41.9077032,-87.9023654,False
12321821735,pharmacy,Walgreens,41.9090195,-87.8517735,False
12345137583,police,VA Police,41.8582451,-87.8424456,False
12346745023,convenience,Tidak bernama,41.8009367,-87.6893139,False
12346745025,convenience,Tidak bernama,41.8013437,-87.689359,False
12346745027,convenience,Tidak bernama,41.7935829,-87.7070653,False
12346745036,convenience,Cup Board Food & Liquors,41.793741,-87.7058091,False
12350433679,pharmacy,Walgreens,41.888403,-87.8351861,False
12416746699,pharmacy,Walgreens,41.780249,-87.6418666,False
12437100777,convenience,2P's Smoke Shop,42.0020292,-87.6718222,False
12443001784,convenience,SKM Convenience,41.9979852,-87.6674828,False
12487436655,convenience,Aladdin's Food,41.758258,-87.6310719,False
12488804911,pharmacy,Walgreens,41.9238664,-87.7474921,False
12488896040,pharmacy,Walgreens,41.8664535,-87.6396839,False
12507514119,pharmacy,Walgreens,41.8293724,-87.7698648,False
12521322953,pharmacy,Walgreens,41.8636034,-87.8519873,False
12521322993,pharmacy,Walgreens,41.862517,-87.8816456,False
12521322994,convenience,Shell,41.8630493,-87.901576,False
12521322995,convenience,Shell,41.8647848,-87.8350788,False
12530019705,convenience,BP Shop,41.8169888,-87.6316529,False
12530056133,convenience,Clark's Pump-N-Shop,41.7942609,-87.6737739,False
12547759427,convenience,Citgo,41.7560758,-87.632742,False
12579435110,supermarket,Super Food & Liquors,41.9835747,-87.6572101,False
12619876082,convenience,Piccadilly Market,41.968431,-87.6936166,False
12626228698,pharmacy,CVS Pharmacy,41.9126075,-87.6534392,False
12626258506,pharmacy,Walgreens,41.9404763,-87.6440959,False
12638280428,pharmacy,CVS Pharmacy,41.8514543,-87.7619952,False
12639715139,convenience,BP Shop,42.0171396,-87.8888475,False
12653022631,pharmacy,Walgreens,41.7199019,-87.7205179,False
12654067627,supermarket,One Stop Express,41.8779743,-87.8538549,False
12681707816,pharmacy,Walgreens,41.9250948,-87.711253,False
12682129118,pharmacy,Walgreens,41.8532261,-87.6358926,False
12685101588,pharmacy,CVS Pharmacy,41.9374861,-87.643884,False
12685859647,convenience,Hollywood Deli,41.9856393,-87.6554767,False
12700456772,convenience,BP Shop,41.9373364,-87.7073196,False
12700551993,pharmacy,CVS Pharmacy,41.9248501,-87.725727,False
12700551994,pharmacy,Walgreens,41.9111465,-87.7259645,False
12700551998,pharmacy,Walgreens,41.8075051,-87.7228071,False
12700551999,pharmacy,Walgreens,41.7862741,-87.7233785,False
12700552000,pharmacy,CVS Pharmacy,41.7781678,-87.7224692,False
12700639701,pharmacy,Walgreens,41.7647851,-87.7218631,False
12700639745,pharmacy,Walgreens,41.9686232,-87.7290078,False
12716599643,pharmacy,Walgreens,41.9541106,-87.6539071,False
12716599645,pharmacy,Walgreens,41.9844235,-87.6606602,False
12771983679,convenience,Happy Market,41.8499322,-87.6321653,False
12772032073,supermarket,Windy City Produce,41.9421523,-87.7276316,False
12805024388,pharmacy,Walgreens,41.8647084,-87.8051692,False
12829068936,community_centre,Chicago Liberation Center,41.852051,-87.6936171,False
12838215901,convenience,Carniceria y Licoreria Maribel,41.8521345,-87.6711096,False
12841227443,convenience,Go Grocer,41.9599194,-87.6470615,False
12845393306,convenience,Sherry's Food Mart,41.9039831,-87.6340128,False
12854132654,convenience,Tamara #1,41.8956234,-87.7136493,False
12882263938,supermarket,Pete's Market,41.7366365,-87.7036437,False
12967117737,pharmacy,Walgreens,42.0126662,-87.7681822,False
12967366986,pharmacy,Walgreens,41.8520497,-87.6743384,False
12968887477,pharmacy,Walgreens,41.953203,-87.7281971,False
13005216186,convenience,Clark's Pump-N-Shop,41.8819845,-87.8828161,False
13006749062,pharmacy,Walgreens,41.9810841,-87.6689349,False
13007351363,convenience,7-Eleven,41.998469,-87.8878471,False
13019363309,police,Illinois Conservation Police,41.8875129,-87.6102107,False
13021564693,pharmacy,CVS Pharmacy,41.8955501,-87.6878668,False
13038454178,convenience,New York Food Mart & Deli,41.9579179,-87.6530945,False
13074363101,pharmacy,Jewel Osco Pharmacy,41.9433725,-87.6900957,False
13097411474,convenience,Frutería y Carnicería San José,41.8961352,-87.6716713,False
13099684896,convenience,La Cuencanita,41.895826,-87.673713,False
13115079937,convenience,BP Shop,41.929729,-87.8468022,False
13250348876,pharmacy,CVS Pharmacy,41.8374999,-87.6453298,False
13250680025,community_centre,First Bulgarian Center,41.953879,-87.7225608,False
13255821243,convenience,Tortilleria Sabinas,41.8576895,-87.6641986,False
13278953128,supermarket,Forty Acres Fresh Market,41.8946241,-87.7684142,False
13290173036,convenience,Alfa Foods,41.865577,-87.6260022,False
13293612475,supermarket,Go Grocer,41.8639606,-87.6242711,False
13293612476,supermarket,Go Grocer,41.8659275,-87.623883,False
13322931493,convenience,Suarez Market,41.8839884,-87.640646,False
13333000058,convenience,Blaze,41.8835465,-87.6336871,False
13374876548,community_centre,Young at Heart,41.7335497,-87.8772655,False
13381814687,pharmacy,Advocate Pharmacy,41.9368192,-87.651271,False
13436281706,convenience,Sai Food Mart,41.9540024,-87.7142941,False
13456502921,pharmacy,Walgreens,42.0038117,-87.7300984,False
13513563466,community_centre,Casa Michoacán,41.8587291,-87.6606404,False
13513563467,community_centre,Chicago Alliance Against Racist and Political Oppression,41.7791421,-87.6056613,False
13513563468,community_centre,Chicago Democratic Socialists of America,41.9318474,-87.712682,False
13563220063,convenience,Mobil Mart,41.904706,-87.6485037,False
13570386140,pharmacy,CVS Pharmacy,41.7321374,-87.8394994,False
13585084411,pharmacy,Meijer Pharmacy,41.725046,-87.6854266,False
13587510251,community_centre,Sankofa Village Wellness Center,41.8803976,-87.7334732,False
13627176602,convenience,Satari Quick Stop,42.0191989,-87.6891361,False
13627176609,supermarket,Morelia Supermarket,42.0142068,-87.6915146,False
13627180004,convenience,H C Mini Mart,42.0197511,-87.6773894,False
13627184408,convenience,Family Food & Beer,41.9245304,-87.6880024,False
13627190907,convenience,Aiden’s Mini Mart (Drive - In),42.0142286,-87.6876898,False
13627191202,convenience,7432 N Oakley,42.0166614,-87.6878308,False
13640022236,convenience,New York Pantry,42.012212,-87.7088747,False
13653841938,community_centre,Segundo Ruiz Belvis Cultural Center,41.9172695,-87.7285201,False
13663603101,convenience,Dong-Ah Food,42.0114721,-87.7276478,False
13663603801,convenience,Filipino Store,42.011475,-87.7277137,False
13680837069,convenience,Garfield Food Mart,41.7942684,-87.620141,False
13689035158,convenience,Castle Food & Liquor,41.9901571,-87.6594294,False
13706663947,convenience,Food & Liquor Express,41.9687009,-87.6980172,False
13733117865,supermarket,Fresh Thyme,41.9265556,-87.681157,False
13736568201,pharmacy,Walgreens,41.939593,-87.7139119,False
13759161401,convenience,Food Hive,41.8737223,-87.6520974,False
13759737031,convenience,Amoco,41.9036758,-87.8843226,False
13770188901,convenience,AidenDollar.com,42.0193889,-87.688269,False
13785700351,convenience,Chitown Food & Deli,41.8796497,-87.6263368,False
13787623216,community_centre,Mary L. Greenwood Community Center,41.8955855,-87.7191083,False
13834739286,police,Metra Police,41.8870805,-87.8035149,False
13834811911,convenience,Oak Park Mini Mart,41.8869428,-87.8035061,False
13841011476,supermarket,Plumbers 911 Chicago,41.8832873,-87.6616503,False
13844719312,convenience,Cermak Food Market,41.8521554,-87.6996154,False
13861345719,convenience,Tidak bernama,41.8891731,-87.8873924,False
13867451698,convenience,West Town Market,41.8961244,-87.6760006,False
13939175153,convenience,"Carry Out, Carry On!",41.9756401,-87.9059684,False
13939530938,convenience,Green Market,41.9771091,-87.8978146,False
13956295500,convenience,Lucky Grocery,41.9172551,-87.7316282,False
13960711390,convenience,Dollar Day,41.9330044,-87.7141151,False
13963528314,supermarket,A Plus Store,41.9633185,-87.6543603,False
13973554201,hospital,University of Chicago,41.7881243,-87.6047744,False
,station_customer_service,18th,41.857908,-87.669147,True
,station_customer_service,35th/Archer,41.829353,-87.680622,True
,station_customer_service,35th-Bronzeville-IIT,41.831677,-87.625826,True
,station_customer_service,43rd,41.816462,-87.619021,True
,station_customer_service,47th,41.809209,-87.618826,True
,station_customer_service,51st,41.80209,-87.618487,True
,station_customer_service,54th/Cermak,41.85177331,-87.75669201,True
,station_customer_service,63rd,41.780536,-87.630952,True
,station_customer_service,69th,41.768367,-87.625724,True
,station_customer_service,79th,41.750419,-87.625112,True
,station_customer_service,87th,41.735372,-87.624717,True
,station_customer_service,95th/Dan Ryan,41.722377,-87.624342,True
,station_customer_service,Adams/Wabash,41.879507,-87.626037,True
,station_customer_service,Addison,41.947428,-87.653626,True
,station_customer_service,Argyle,41.973453,-87.65853,True
,station_customer_service,Armitage,41.918217,-87.652644,True
,station_customer_service,Ashland,41.885269,-87.666969,True
,station_customer_service,Ashland/63rd,41.77886,-87.663766,True
,station_customer_service,Austin,41.870851,-87.776812,True
,station_customer_service,Belmont,41.938132,-87.712359,True
,station_customer_service,Berwyn,41.977984,-87.658668,True
,station_customer_service,Bryn Mawr,41.983504,-87.65884,True
,station_customer_service,California,41.88422,-87.696234,True
,station_customer_service,Central,41.887389,-87.76565,True
,station_customer_service,Central Park,41.853839,-87.714842,True
,station_customer_service,Cermak-Chinatown,41.853206,-87.630968,True
,station_customer_service,Cermak-McCormick Place,41.853115,-87.626402,True
,station_customer_service,Chicago,41.896671,-87.628176,True
,station_customer_service,Cicero,41.871574,-87.745154,True
,station_customer_service,Clark/Division,41.90392,-87.631412,True
,station_customer_service,Clark/Lake,41.885737,-87.630886,True
,station_customer_service,Clinton,41.885678,-87.641782,True
,station_customer_service,Conservatory,41.884904,-87.716523,True
,station_customer_service,Cottage Grove,41.780309,-87.605857,True
,station_customer_service,Cumberland,41.984246,-87.838028,True
,station_customer_service,Damen,41.909744,-87.677437,True
,station_customer_service,Davis,42.04771,-87.683543,True
,station_customer_service,Dempster,42.041655,-87.681602,True
,station_customer_service,Dempster-Skokie,42.038951,-87.751919,True
,station_customer_service,Diversey,41.932732,-87.653131,True
,station_customer_service,Division,41.903355,-87.666496,True
,station_customer_service,Forest Park,41.874257,-87.817318,True
,station_customer_service,Foster,42.05416,-87.68356,True
,station_customer_service,Francisco,41.966046,-87.701644,True
,station_customer_service,Fullerton,41.925051,-87.652866,True
,station_customer_service,Garfield,41.79542,-87.631157,True
,station_customer_service,Grand,41.891665,-87.628021,True
,station_customer_service,Granville,41.993664,-87.659202,True
,station_customer_service,Halsted,41.778943,-87.644244,True
,station_customer_service,Harlem,41.87349,-87.806961,True
,station_customer_service,Harlem/Lake,41.886848,-87.803176,True
,station_customer_service,Harold Washington Library-State/Van Buren,41.876862,-87.628196,True
,station_customer_service,Harrison,41.874039,-87.627479,True
,station_customer_service,Howard,42.019063,-87.672892,True
,station_customer_service,Illinois Medical District,41.875706,-87.673932,True
,station_customer_service,Indiana,41.821732,-87.621371,True
,station_customer_service,Irving Park,41.952925,-87.729229,True
,station_customer_service,Jackson,41.878183,-87.629296,True
,station_customer_service,Jarvis,42.015876,-87.669092,True
,station_customer_service,Jefferson Park,41.970634,-87.760892,True
,station_customer_service,Kedzie,41.804236,-87.704406,True
,station_customer_service,Kedzie-Homan,41.874341,-87.70604,True
,station_customer_service,Kimball,41.967901,-87.713065,True
,station_customer_service,King Drive,41.78013,-87.615546,True
,station_customer_service,Kostner,41.853751,-87.733258,True
,station_customer_service,Lake,41.884809,-87.627813,True
,station_customer_service,Laramie,41.887163,-87.754986,True
,station_customer_service,LaSalle,41.875568,-87.631722,True
,station_customer_service,LaSalle/Van Buren,41.8768,-87.631739,True
,station_customer_service,Lawrence,41.969139,-87.658493,True
,station_customer_service,Linden,42.073153,-87.69073,True
,station_customer_service,Logan Square,41.929728,-87.708541,True
,station_customer_service,Loyola,42.001073,-87.661061,True
,station_customer_service,Main,42.033456,-87.679538,True
,station_customer_service,Merchandise Mart,41.888969,-87.633924,True
,station_customer_service,Midway,41.78661,-87.737875,True
,station_customer_service,Monroe,41.880745,-87.627696,True
,station_customer_service,Montrose,41.961539,-87.743574,True
,station_customer_service,Morgan,41.885586,-87.652193,True
,station_customer_service,Morse,42.008362,-87.665909,True
,station_customer_service,North/Clybourn,41.910655,-87.649177,True
,station_customer_service,Noyes,42.058282,-87.683337,True
,station_customer_service,Oak Park,41.886988,-87.793783,True
,station_customer_service,Oakton-Skokie,42.02624348,-87.74722084,True
,station_customer_service,O'Hare,41.97766526,-87.90422307,True
,station_customer_service,Paulina,41.943623,-87.670907,True
,station_customer_service,Polk,41.871551,-87.66953,True
,station_customer_service,Pulaski,41.885412,-87.725404,True
,station_customer_service,Quincy/Wells,41.878723,-87.63374,True
,station_customer_service,Racine,41.87592,-87.659458,True
,station_customer_service,Ridgeland,41.887159,-87.783661,True
,station_customer_service,Rockwell,41.966115,-87.6941,True
,station_customer_service,Roosevelt,41.867368,-87.627402,True
,station_customer_service,Rosemont,41.983507,-87.859388,True
,station_customer_service,Sedgwick,41.910409,-87.639302,True
,station_customer_service,Sheridan,41.953775,-87.654929,True
,station_customer_service,South Boulevard,42.027612,-87.678329,True
,station_customer_service,Southport,41.943744,-87.663619,True
,station_customer_service,Sox-35th,41.831191,-87.630636,True
,station_customer_service,State/Lake,41.88574,-87.627835,True
,station_customer_service,Thorndale,41.990259,-87.659076,True
,station_customer_service,UIC-Halsted,41.875474,-87.649707,True
,station_customer_service,Washington,41.883164,-87.62944,True
,station_customer_service,Washington/Wabash,41.88322,-87.626189,True
,station_customer_service,Washington/Wells,41.882695,-87.63378,True
,station_customer_service,Wellington,41.936033,-87.653266,True
,station_customer_service,Western,41.966163,-87.688502,True
,station_customer_service,Wilson,41.964273,-87.657588,True
